{
    "Science": {
        "Full-time": {
            "Undergraduate": [
                { "day": "Monday", "subject": "Math", "time": "9:00 AM - 10:00 AM" },
                { "day": "Monday", "subject": "English", "time": "10:15 AM - 11:15 AM" }
            ],
            "Postgraduate": [
                { "day": "Tuesday", "subject": "Advanced Math", "time": "9:00 AM - 10:00 AM" },
                { "day": "Tuesday", "subject": "Advanced English", "time": "10:15 AM - 11:15 AM" }
            ]
        },
        "Part-time": {
            "Undergraduate": [
                { "day": "Wednesday", "subject": "Math", "time": "9:00 AM - 10:00 AM" },
                { "day": "Wednesday", "subject": "English", "time": "10:15 AM - 11:15 AM" }
            ],
            "Postgraduate": [
                { "day": "Thursday", "subject": "Advanced Math", "time": "9:00 AM - 10:00 AM" },
                { "day": "Thursday", "subject": "Advanced English", "time": "10:15 AM - 11:15 AM" }
            ]
        }
    },
    "Arts": {
        "Full-time": {
            "Undergraduate": [
                { "day": "Monday", "subject": "Painting", "time": "9:00 AM - 10:00 AM" },
                { "day": "Monday", "subject": "Sculpture", "time": "10:15 AM - 11:15 AM" }
            ],
            "Postgraduate": [
                { "day": "Tuesday", "subject": "Advanced Painting", "time": "9:00 AM - 10:00 AM" },
                { "day": "Tuesday", "subject": "Advanced Sculpture", "time": "10:15 AM - 11:15 AM" }
            ]
        },
        "Part-time": {
            "Undergraduate": [
                { "day": "Wednesday", "subject": "Painting", "time": "9:00 AM - 10:00 AM" },
                { "day": "Wednesday", "subject": "Sculpture", "time": "10:15 AM - 11:15 AM" }
            ],
            "Postgraduate": [
                { "day": "Thursday", "subject": "Advanced Painting", "time": "9:00 AM - 10:00 AM" },
                { "day": "Thursday", "subject": "Advanced Sculpture", "time": "10:15 AM - 11:15 AM" }
            ]
        }
    }
}